ticker,nom,isin,pays,region,secteur,classe,devise,indices
CW8.PA,Amundi MSCI World,,Monde,Monde (ETF),ETF diversifié,Actions,EUR,ETF;Référentiel
EWLD.PA,Amundi PEA MSCI World,,France,Monde (ETF),ETF diversifié,Actions,EUR,ETF
WPEA.PA,iShares MSCI World Swap PEA,,France,Monde (ETF),ETF diversifié,Actions,EUR,ETF
ESE.PA,BNP Paribas Easy S&P 500,,États-Unis,États-Unis,ETF diversifié,Actions,EUR,ETF;Référentiel
PE500.PA,Amundi PEA S&P 500,,France,Monde (ETF),ETF diversifié,Actions,EUR,ETF
PUST.PA,Amundi PEA Nasdaq-100,,France,Monde (ETF),ETF diversifié,Actions,EUR,ETF
PAEEM.PA,Amundi PEA MSCI Emerging Markets,,France,Monde (ETF),ETF diversifié,Actions,EUR,ETF
AEEM.PA,Amundi MSCI Emerging Markets,,France,Monde (ETF),ETF diversifié,Actions,EUR,ETF
CAC.PA,Amundi CAC 40,,France,Monde (ETF),ETF diversifié,Actions,EUR,ETF
MSE.PA,Amundi Euro Stoxx 50,,France,Monde (ETF),ETF diversifié,Actions,EUR,ETF
C50.PA,Amundi Euro Stoxx 50 II,,France,Monde (ETF),ETF diversifié,Actions,EUR,ETF
IWDA.AS,iShares Core MSCI World,,Pays-Bas,Monde (ETF),ETF diversifié,Actions,EUR,ETF
EUNL.DE,iShares Core MSCI World (Xetra),,Allemagne,Monde (ETF),ETF diversifié,Actions,EUR,ETF
VWCE.DE,Vanguard FTSE All-World Acc,,Allemagne,Monde (ETF),ETF diversifié,Actions,EUR,ETF
VWRL.AS,Vanguard FTSE All-World Dist,,Pays-Bas,Monde (ETF),ETF diversifié,Actions,EUR,ETF
VUSA.AS,Vanguard S&P 500,,Pays-Bas,Monde (ETF),ETF diversifié,Actions,EUR,ETF
SXR8.DE,iShares Core S&P 500 (Xetra),,Allemagne,Monde (ETF),ETF diversifié,Actions,EUR,ETF
CSPX.L,iShares Core S&P 500,,Royaume-Uni,Monde (ETF),ETF diversifié,Actions,GBp,ETF
EIMI.L,iShares Core MSCI EM IMI,,Royaume-Uni,Monde (ETF),ETF diversifié,Actions,GBp,ETF
IS3N.DE,iShares Core MSCI EM IMI (Xetra),,Allemagne,Monde (ETF),ETF diversifié,Actions,EUR,ETF
EXS1.DE,iShares Core DAX,,Allemagne,Monde (ETF),ETF diversifié,Actions,EUR,ETF
EUNK.DE,iShares Core MSCI Europe,,Allemagne,Monde (ETF),ETF diversifié,Actions,EUR,ETF
MEUD.PA,Amundi Stoxx Europe 600,,France,Monde (ETF),ETF diversifié,Actions,EUR,ETF
IUSQ.DE,iShares MSCI ACWI,,Allemagne,Monde (ETF),ETF diversifié,Actions,EUR,ETF
SPYI.DE,SPDR MSCI ACWI IMI,,Allemagne,Monde (ETF),ETF diversifié,Actions,EUR,ETF
EQQQ.DE,Invesco Nasdaq-100,,Allemagne,Monde (ETF),ETF diversifié,Actions,EUR,ETF
IBCA.DE,iShares € Govt Bond 1-3 ans,,Zone euro,Europe,Obligations d'État,Obligations,EUR,ETF;Référentiel
EUNH.DE,iShares Core € Govt Bond,,Zone euro,Europe,Obligations d'État,Obligations,EUR,ETF;Référentiel
IBCI.DE,iShares € Inflation Linked Govt Bond,,Zone euro,Europe,Obligations indexées sur l'inflation,Obligations,EUR,ETF;Référentiel
EUN5.DE,iShares Core € Corp Bond,,Zone euro,Europe,Obligations d'entreprises,Obligations,EUR,ETF;Référentiel
EUNW.DE,iShares € High Yield Corp Bond,,Zone euro,Europe,Obligations à haut rendement,Obligations,EUR,ETF;Référentiel
4GLD.DE,Xetra-Gold (or physique),,Allemagne,Monde,Or,Or,EUR,ETF;Référentiel
SPY,SPDR S&P 500,,États-Unis,Monde (ETF),ETF diversifié,Actions,USD,ETF
VOO,Vanguard S&P 500,,États-Unis,Monde (ETF),ETF diversifié,Actions,USD,ETF
IVV,iShares Core S&P 500,,États-Unis,Monde (ETF),ETF diversifié,Actions,USD,ETF
VTI,Vanguard Total Stock Market,,États-Unis,Monde (ETF),ETF diversifié,Actions,USD,ETF
QQQ,Invesco QQQ,,États-Unis,Monde (ETF),ETF diversifié,Actions,USD,ETF
DIA,SPDR Dow Jones,,États-Unis,Monde (ETF),ETF diversifié,Actions,USD,ETF
IWM,iShares Russell 2000,,États-Unis,Monde (ETF),ETF diversifié,Actions,USD,ETF
VEA,Vanguard FTSE Developed,,États-Unis,Monde (ETF),ETF diversifié,Actions,USD,ETF
VWO,Vanguard FTSE Emerging,,États-Unis,Monde (ETF),ETF diversifié,Actions,USD,ETF
EFA,iShares MSCI EAFE,,États-Unis,Monde (ETF),ETF diversifié,Actions,USD,ETF
EEM,iShares MSCI Emerging Markets,,États-Unis,Monde (ETF),ETF diversifié,Actions,USD,ETF
VT,Vanguard Total World,,États-Unis,Monde (ETF),ETF diversifié,Actions,USD,ETF
AGG,iShares Core US Aggregate Bond,,États-Unis,,,Obligations,USD,ETF
BND,Vanguard Total Bond,,États-Unis,,,Obligations,USD,ETF
TLT,iShares 20+ Year Treasury Bond,,États-Unis,États-Unis,Obligations d'État,Obligations,USD,ETF;Référentiel
IEF,iShares 7-10 Year Treasury Bond,,États-Unis,États-Unis,Obligations d'État,Obligations,USD,ETF;Référentiel
SHY,iShares 1-3 Year Treasury,,États-Unis,,,Obligations,USD,ETF
TIP,iShares TIPS Bond,,États-Unis,États-Unis,Obligations indexées sur l'inflation,Obligations,USD,ETF;Référentiel
LQD,iShares iBoxx $ Investment Grade Corporate Bond,,États-Unis,États-Unis,Obligations d'entreprises,Obligations,USD,ETF;Référentiel
HYG,iShares High Yield Corporate Bond,,États-Unis,,,Obligations,USD,ETF
EMB,iShares J.P. Morgan USD Emerging Markets Bond,,Émergents,Émergents,Obligations émergentes,Obligations,USD,ETF;Référentiel
GLD,SPDR Gold,,États-Unis,,,Or,USD,ETF
IAU,iShares Gold,,États-Unis,,,Or,USD,ETF
SLV,iShares Silver,,États-Unis,Monde (ETF),ETF diversifié,Actions,USD,ETF
VNQ,Vanguard Real Estate,,États-Unis,Monde (ETF),ETF diversifié,Actions,USD,ETF
XLK,Technology Select Sector SPDR,,États-Unis,Monde (ETF),ETF diversifié,Actions,USD,ETF
XLF,Financial Select Sector SPDR,,États-Unis,Monde (ETF),ETF diversifié,Actions,USD,ETF
XLE,Energy Select Sector SPDR,,États-Unis,Monde (ETF),ETF diversifié,Actions,USD,ETF
XLV,Health Care Select Sector SPDR,,États-Unis,Monde (ETF),ETF diversifié,Actions,USD,ETF
ARKK,ARK Innovation,,États-Unis,Monde (ETF),ETF diversifié,Actions,USD,ETF
AAPL,Apple,,États-Unis,États-Unis,Technologie,Actions,USD,Référentiel
MSFT,Microsoft,,États-Unis,États-Unis,Technologie,Actions,USD,Référentiel
NVDA,Nvidia,,États-Unis,États-Unis,Technologie,Actions,USD,Référentiel
AVGO,Broadcom,,États-Unis,États-Unis,Technologie,Actions,USD,Référentiel
AMZN,Amazon,,États-Unis,États-Unis,Consommation discrétionnaire,Actions,USD,Référentiel
HD,Home Depot,,États-Unis,États-Unis,Consommation discrétionnaire,Actions,USD,Référentiel
GOOGL,Alphabet,,États-Unis,États-Unis,Communication,Actions,USD,Référentiel
META,Meta Platforms,,États-Unis,États-Unis,Communication,Actions,USD,Référentiel
JPM,JPMorgan Chase,,États-Unis,États-Unis,Finance,Actions,USD,Référentiel
V,Visa,,États-Unis,États-Unis,Finance,Actions,USD,Référentiel
BRK-B,Berkshire Hathaway,,États-Unis,États-Unis,Finance,Actions,USD,Référentiel
UNH,UnitedHealth,,États-Unis,États-Unis,Santé,Actions,USD,Référentiel
JNJ,Johnson & Johnson,,États-Unis,États-Unis,Santé,Actions,USD,Référentiel
LLY,Eli Lilly,,États-Unis,États-Unis,Santé,Actions,USD,Référentiel
PG,Procter & Gamble,,États-Unis,États-Unis,Consommation de base,Actions,USD,Référentiel
KO,Coca-Cola,,États-Unis,États-Unis,Consommation de base,Actions,USD,Référentiel
COST,Costco,,États-Unis,États-Unis,Consommation de base,Actions,USD,Référentiel
XOM,ExxonMobil,,États-Unis,États-Unis,Énergie,Actions,USD,Référentiel
CAT,Caterpillar,,États-Unis,États-Unis,Industrie,Actions,USD,Référentiel
NEE,NextEra Energy,,États-Unis,États-Unis,Services publics,Actions,USD,Référentiel
LIN,Linde,,États-Unis,États-Unis,Matériaux,Actions,USD,Référentiel
PLD,Prologis,,États-Unis,États-Unis,Immobilier,Actions,USD,Référentiel
MC.PA,LVMH,,France,Europe,Consommation discrétionnaire,Actions,EUR,Référentiel
OR.PA,L'Oreal,,France,Europe,Consommation de base,Actions,EUR,Référentiel
TTE.PA,TotalEnergies,,France,Europe,Énergie,Actions,EUR,Référentiel
SAN.PA,Sanofi,,France,Europe,Santé,Actions,EUR,Référentiel
AI.PA,Air Liquide,,France,Europe,Matériaux,Actions,EUR,Référentiel
SU.PA,Schneider Electric,,France,Europe,Industrie,Actions,EUR,Référentiel
BNP.PA,BNP Paribas,,France,Europe,Finance,Actions,EUR,Référentiel
AIR.PA,Airbus,,France,Europe,Industrie,Actions,EUR,Référentiel
SAF.PA,Safran,,France,Europe,Industrie,Actions,EUR,Référentiel
DG.PA,Vinci,,France,Europe,Industrie,Actions,EUR,Référentiel
EL.PA,EssilorLuxottica,,France,Europe,Santé,Actions,EUR,Référentiel
ASML.AS,ASML,,Pays-Bas,Europe,Technologie,Actions,EUR,Référentiel
SAP.DE,SAP,,Allemagne,Europe,Technologie,Actions,EUR,Référentiel
SIE.DE,Siemens,,Allemagne,Europe,Industrie,Actions,EUR,Référentiel
ALV.DE,Allianz,,Allemagne,Europe,Finance,Actions,EUR,Référentiel
IBE.MC,Iberdrola,,Espagne,Europe,Services publics,Actions,EUR,Référentiel
ENEL.MI,Enel,,Italie,Europe,Services publics,Actions,EUR,Référentiel
ISP.MI,Intesa Sanpaolo,,Italie,Europe,Finance,Actions,EUR,Référentiel
NOVO-B.CO,Novo Nordisk,,Danemark,Europe,Santé,Actions,DKK,Référentiel
SHEL.L,Shell,,Royaume-Uni,Royaume-Uni,Énergie,Actions,GBp,Référentiel
AZN.L,AstraZeneca,,Royaume-Uni,Royaume-Uni,Santé,Actions,GBp,Référentiel
HSBA.L,HSBC,,Royaume-Uni,Royaume-Uni,Finance,Actions,GBp,Référentiel
ULVR.L,Unilever,,Royaume-Uni,Royaume-Uni,Consommation de base,Actions,GBp,Référentiel
RIO.L,Rio Tinto,,Royaume-Uni,Royaume-Uni,Matériaux,Actions,GBp,Référentiel
NESN.SW,Nestlé,,Suisse,Suisse,Consommation de base,Actions,CHF,Référentiel
NOVN.SW,Novartis,,Suisse,Suisse,Santé,Actions,CHF,Référentiel
ROG.SW,Roche,,Suisse,Suisse,Santé,Actions,CHF,Référentiel
UBSG.SW,UBS,,Suisse,Suisse,Finance,Actions,CHF,Référentiel
7203.T,Toyota,,Japon,Japon,Consommation discrétionnaire,Actions,JPY,Référentiel
6758.T,Sony,,Japon,Japon,Consommation discrétionnaire,Actions,JPY,Référentiel
8306.T,Mitsubishi UFJ,,Japon,Japon,Finance,Actions,JPY,Référentiel
6861.T,Keyence,,Japon,Japon,Technologie,Actions,JPY,Référentiel
8035.T,Tokyo Electron,,Japon,Japon,Technologie,Actions,JPY,Référentiel
9432.T,NTT,,Japon,Japon,Communication,Actions,JPY,Référentiel
BHP.AX,BHP,,Australie,Asie-Pacifique,Matériaux,Actions,AUD,Référentiel
CBA.AX,Commonwealth Bank,,Australie,Asie-Pacifique,Finance,Actions,AUD,Référentiel
CSL.AX,CSL,,Australie,Asie-Pacifique,Santé,Actions,AUD,Référentiel
0700.HK,Tencent,,Hong Kong,Asie-Pacifique,Communication,Actions,HKD,Référentiel
1299.HK,AIA Group,,Hong Kong,Asie-Pacifique,Finance,Actions,HKD,Référentiel
RY.TO,Royal Bank of Canada,,Canada,Canada,Finance,Actions,CAD,Référentiel
SHOP.TO,Shopify,,Canada,Canada,Technologie,Actions,CAD,Référentiel
CNQ.TO,Canadian Natural Resources,,Canada,Canada,Énergie,Actions,CAD,Référentiel
TSM,Taiwan Semiconductor (ADR),,Taïwan,Émergents,Technologie,Actions,USD,Référentiel
BABA,Alibaba (ADR),,Chine,Émergents,Consommation discrétionnaire,Actions,USD,Référentiel
INFY,Infosys (ADR),,Inde,Émergents,Technologie,Actions,USD,Référentiel
HDB,HDFC Bank (ADR),,Inde,Émergents,Finance,Actions,USD,Référentiel
VALE,Vale (ADR),,Brésil,Émergents,Matériaux,Actions,USD,Référentiel
